entry,entry_id
TLK2,TLK2
AXL,AXL
CBLC,CBLC
RICTOR,RICTOR
CALR,CALR
CBLB,CBLB
BARD1,BARD1
DUSP6,DUSP6
GATA1,GATA1
DEK,DEK
ETV5,ETV5
BCOR,BCOR
CASP8,CASP8
SSX4,SSX4
NQO1,NQO1
HDAC6,HDAC6
MERTK,MERTK
FOXL2,FOXL2
MDM4,MDM4
ERCC1,ERCC1
SPOP,SPOP
BIRC7,BIRC7
ARID2,ARID2
GNAQ,GNAQ
KMT2A,KMT2A
PIK3R2,PIK3R2
BCL2,BCL2
PTPRD,PTPRD
ETV1,ETV1
NT5E,NT5E
AKT3,AKT3
CBL,CBL
PARP1,PARP1
MIR21,MIR21
DDX43,DDX43
FOS,FOS
TP53,TP53
SPHK1,SPHK1
BLK,BLK
SMO,SMO
MYCN,MYCN
RPS6,RPS6
PRDM1,PRDM1
TLX3,TLX3
CTAG1B,CTAG1B
MEF2D,MEF2D
MLH1,MLH1
MTHFR,MTHFR
EREG,EREG
CDKN2A,CDKN2A
HSPA5,HSPA5
TACSTD2,TACSTD2
FOXP1,FOXP1
TBK1,TBK1
HDAC9,HDAC9
CCND2,CCND2
VHL,VHL
RRM1,RRM1
ABCG2,ABCG2
CD19,CD19
FGF13,FGF13
MITF,MITF
JAK2,JAK2
CCNE1,CCNE1
NFE2L2,NFE2L2
RAD23B,RAD23B
KDM5C,KDM5C
PTPRT,PTPRT
HIF1A,HIF1A
PSMB8,PSMB8
PTK2B,PTK2B
BACH2,BACH2
ALDH1A2,ALDH1A2
RAC1,RAC1
KMT2D,KMT2D
NAPRT,NAPRT
FCGR3A,FCGR3A
CHEK1,CHEK1
CDKN1A,CDKN1A
PIK3CA,PIK3CA
CFLAR,CFLAR
PCNA,PCNA
MMP2,MMP2
U2AF1,U2AF1
ASS1,ASS1
IDH2,IDH2
CDK2,CDK2
FANCC,FANCC
YAP1,YAP1
DEFA1,DEFA1
TEK,TEK
H3C2,H3C2
CX3CL1,CX3CL1
FGFR4,FGFR4
GADD45A,GADD45A
CD79B,CD79B
PTEN,PTEN
PBLD,PBLD
SLFN11,SLFN11
STAT1,STAT1
RRM2,RRM2
ARAF,ARAF
CBFA2T3,CBFA2T3
PDGFRA,PDGFRA
AEBP1,AEBP1
MYB,MYB
SF3B1,SF3B1
RIT1,RIT1
MYC,MYC
HOXC10,HOXC10
WT1,WT1
STAT6,STAT6
ABCB1,ABCB1
DICER1,DICER1
TFF3,TFF3
WWTR1,WWTR1
MYOD1,MYOD1
RET,RET
FOXP3,FOXP3
FGFR2,FGFR2
ASNS,ASNS
TNFRSF17,TNFRSF17
SPRY2,SPRY2
NEDD9,NEDD9
NTRK2,NTRK2
TIMP1,TIMP1
ERBB4,ERBB4
GNA11,GNA11
NRAS,NRAS
CUL7,CUL7
IKZF1,IKZF1
FGFR3,FGFR3
RRAS2,RRAS2
SDHB,SDHB
ABCC10,ABCC10
MEN1,MEN1
ZHX2,ZHX2
MAP2K1,MAP2K1
CSF1R,CSF1R
CEBPA,CEBPA
IL7R,IL7R
FOXO1,FOXO1
TPT1,TPT1
EIF4EBP1,EIF4EBP1
FOXF1,FOXF1
IGF2,IGF2
SETBP1,SETBP1
BAP1,BAP1
FGF2,FGF2
FGF3,FGF3
STAT5B,STAT5B
NOTCH3,NOTCH3
TTF1,TTF1
ARID1A,ARID1A
NRG1,NRG1
CREBBP,CREBBP
STAG2,STAG2
PIM1,PIM1
CTLA4,CTLA4
TP53BP1,TP53BP1
CTCF,CTCF
CDK4,CDK4
TERT,TERT
PRPS1,PRPS1
MKI67,MKI67
MET,MET
DDR2,DDR2
PPP1R15A,PPP1R15A
TYK2,TYK2
NR2F2,NR2F2
CCN2,CCN2
MAGEH1,MAGEH1
LGR5,LGR5
H3-3A,H3-3A
FANCA,FANCA
ATXN7,ATXN7
PDCD4,PDCD4
SSX1,SSX1
RAF1,RAF1
VEGFA,VEGFA
SUFU,SUFU
PDCD1LG2,PDCD1LG2
MBD4,MBD4
BRD4,BRD4
PTPN11,PTPN11
CTAG2,CTAG2
PREX2,PREX2
FLT3,FLT3
ATM,ATM
LEPR,LEPR
PBRM1,PBRM1
DUX4,DUX4
PRKAR1A,PRKAR1A
FGF19,FGF19
FUBP1,FUBP1
ARHGAP35,ARHGAP35
ZNF384,ZNF384
HSP90B1,HSP90B1
ERBB2,ERBB2
EPOR,EPOR
RAD51D,RAD51D
RBM15,RBM15
CD274,CD274
SMAD3,SMAD3
NUP98,NUP98
ASXL1,ASXL1
TSC2,TSC2
GSTP1,GSTP1
AIMP2,AIMP2
NCOA2,NCOA2
MGMT,MGMT
MECOM,MECOM
AKT2,AKT2
DNMT1,DNMT1
APC,APC
NPM1,NPM1
FN1,FN1
DKK1,DKK1
HOXB13,HOXB13
NUDT15,NUDT15
CYP2D6,CYP2D6
HOXD8,HOXD8
ESR1,ESR1
AR,AR
HRAS,HRAS
PDGFB,PDGFB
RHOA,RHOA
GALNT14,GALNT14
ABL1,ABL1
CIP2A,CIP2A
PTGS2,PTGS2
RHEB,RHEB
KIT,KIT
CDK9,CDK9
PBK,PBK
ERRFI1,ERRFI1
BIRC5,BIRC5
EWSR1,EWSR1
KRAS,KRAS
PAX8,PAX8
EP300,EP300
ATXN1L,ATXN1L
MTAP,MTAP
IL6,IL6
NCOA3,NCOA3
PIK3R1,PIK3R1
ZEB1,ZEB1
NTRK3,NTRK3
JUN,JUN
MSH2,MSH2
KDM6A,KDM6A
WDR12,WDR12
POLE4,POLE4
SGK1,SGK1
PRNCR1,PRNCR1
EPHB2,EPHB2
PTPRB,PTPRB
POU5F1,POU5F1
IL33,IL33
ALK,ALK
PTTG1,PTTG1
SMAD4,SMAD4
ATR,ATR
COX2,COX2
CDK6,CDK6
JAK3,JAK3
ACTA1,ACTA1
BIRC3,BIRC3
NTRK1,NTRK1
PGR,PGR
GNAS,GNAS
PLCG2,PLCG2
FCGR2B,FCGR2B
REL,REL
BRCA1,BRCA1
PRKCB,PRKCB
CXCL10,CXCL10
ETS2,ETS2
DDIT3,DDIT3
ASCL1,ASCL1
MAP2K2,MAP2K2
PXDNL,PXDNL
TOP1,TOP1
FLT4,FLT4
CCND1,CCND1
EGF,EGF
CD44,CD44
SCN8A,SCN8A
B2M,B2M
AKT1,AKT1
LZTR1,LZTR1
TGFA,TGFA
IRS2,IRS2
PRKACA,PRKACA
SLCO1B1,SLCO1B1
KMT2C,KMT2C
CRKL,CRKL
ROS1,ROS1
SIRT1,SIRT1
ATRX,ATRX
BCL2L11,BCL2L11
FNTB,FNTB
EZH2,EZH2
TOP2A,TOP2A
EPAS1,EPAS1
DPYD,DPYD
MRE11,MRE11
CBFB,CBFB
PMS2,PMS2
GLI1,GLI1
RASA1,RASA1
FLI1,FLI1
CDH1,CDH1
CDKN1B,CDKN1B
MN1,MN1
UGT1A,UGT1A
ACTL6A,ACTL6A
HLA-DRA,HLA-DRA
TGFBR3,TGFBR3
PALB2,PALB2
HGF,HGF
ERG,ERG
AURKA,AURKA
MSH3,MSH3
RUNX1,RUNX1
KDR,KDR
DROSHA,DROSHA
SLC29A1,SLC29A1
DRD5,DRD5
RABL3,RABL3
MSH6,MSH6
SYK,SYK
SMARCA4,SMARCA4
SMARCB1,SMARCB1
KRT18,KRT18
TF,TF
STAT3,STAT3
FLCN,FLCN
PDGFRB,PDGFRB
POT1,POT1
DCC,DCC
ZRSR2,ZRSR2
PRKN,PRKN
SSX2,SSX2
TSC1,TSC1
EIF1AX,EIF1AX
EPCAM,EPCAM
PSMD4,PSMD4
TCF19,TCF19
FGFR1,FGFR1
ERCC5,ERCC5
RB1,RB1
TYMS,TYMS
HMOX1,HMOX1
STAG3,STAG3
CSF3R,CSF3R
PIK3CB,PIK3CB
PLK1,PLK1
WEE1,WEE1
IDH1,IDH1
SRSF2,SRSF2
POLE,POLE
HDAC2,HDAC2
H3-3B,H3-3B
CDX2,CDX2
MIR218-1,MIR218-1
BRCA2,BRCA2
SSTR5,SSTR5
PRKAA2,PRKAA2
EPHB4,EPHB4
MMP9,MMP9
VPS37A,VPS37A
AGR2,AGR2
LRP1B,LRP1B
RELA,RELA
ERBB3,ERBB3
LYN,LYN
PTPRF,PTPRF
AREG,AREG
PPP2R1A,PPP2R1A
MAP2K7,MAP2K7
HLA-C,HLA-C
SOX10,SOX10
CDKN2B,CDKN2B
HSPH1,HSPH1
PTCH1,PTCH1
POLD1,POLD1
TSPYL1,TSPYL1
NF1,NF1
CDK5,CDK5
STK11,STK11
CHEK2,CHEK2
JAK1,JAK1
ABCC3,ABCC3
RSF1,RSF1
CEACAM1,CEACAM1
TFE3,TFE3
KIF23,KIF23
CHD7,CHD7
IL2RB,IL2RB
STMN1,STMN1
HMGA2,HMGA2
HSPB1,HSPB1
SDHA,SDHA
PAX5,PAX5
UGT1A1,UGT1A1
NBN,NBN
TUBB3,TUBB3
CRLF2,CRLF2
PTPN12,PTPN12
NF2,NF2
MYCL,MYCL
WNT11,WNT11
FBXW7,FBXW7
MYD88,MYD88
B4GALT1,B4GALT1
ESR2,ESR2
ABL2,ABL2
CTNNB1,CTNNB1
PTP4A3,PTP4A3
CXCR4,CXCR4
PAPPA2,PAPPA2
ECSCR,ECSCR
MTOR,MTOR
NECTIN4,NECTIN4
ETV6,ETV6
TNC,TNC
LAG3,LAG3
DLL3,DLL3
MAPK1,MAPK1
VEGFC,VEGFC
PROM1,PROM1
ETV4,ETV4
CYSLTR2,CYSLTR2
THBS2,THBS2
ROBO4,ROBO4
DDX41,DDX41
ERCC2,ERCC2
FCGR2A,FCGR2A
PTPN6,PTPN6
GATA2,GATA2
MPL,MPL
PML,PML
CSF1,CSF1
BRAF,BRAF
BTK,BTK
GAS6,GAS6
CDK12,CDK12
MDM2,MDM2
SH2B3,SH2B3
CIC,CIC
CCND3,CCND3
FOXC2,FOXC2
ALCAM,ALCAM
CCNE2,CCNE2
CRBN,CRBN
IGF1R,IGF1R
HAVCR2,HAVCR2
RAD50,RAD50
NOTCH1,NOTCH1
DNMT3A,DNMT3A
NT5C2,NT5C2
KLLN,KLLN
ACVR1,ACVR1
TET2,TET2
DGKH,DGKH
XRCC1,XRCC1
EGFR,EGFR
KLF4,KLF4
